MN,ACC_1,ACC_2,F1,AUC
SynClass,0.9256403600001655,0.5439955882457945,0.4877711431289456,0.5729437229437229
