MN,ACC_1,ACC_2,F1,AUC
SynClass,0.8743111393575245,0.5872219016947249,0.5449027732836558,0.6109090909090908
