MN,ACC_1,ACC_2,F1,AUC
SynClass,0.8983487726353149,0.5779749842336332,0.5477029163220466,0.6116955266955267
