MN,ACC_1,ACC_2,F1,AUC
SynClass,0.7950353620514539,0.5663666007300053,0.5212469161188198,0.5837254901960783
