MN,ACC_1,ACC_2,F1,AUC
SynClass,0.7289186832352343,0.5704952380952361,0.5094429747207468,0.5858847736625526
