MN,ACC_1,ACC_2,F1,AUC
SynClass,0.8873111782477391,0.5976969696969671,0.5416837350497499,0.6232510288065851
