MN,ACC_1,ACC_2,F1,AUC
SynClass,0.8053602811950722,0.6499986394557905,0.5931293534997211,0.653641975308642
