MN,ACC_1,ACC_2,F1,AUC
SynClass,0.869821695494341,0.6023344671202019,0.5449598857932304,0.6264938271604827
