MN,ACC_1,ACC_2,F1,AUC
SynClass,0.8934893489348972,0.6219129870129727,0.5661167479337395,0.6427983539094658
