MN,ACC_1,ACC_2,F1,AUC
SynClass,0.7224582104228123,0.585409523809519,0.5348436213991733,0.5975308641975334
