MN,ACC_1,ACC_2,F1,AUC
SynClass,0.8107246376811531,0.6602394557823206,0.6126714766714713,0.6674691358024691
