MN,ACC_1,ACC_2,F1,AUC
SynClass,0.8846668679549154,0.636636848072572,0.5857784540562321,0.6571851851851789
