MN,ACC_1,ACC_2,F1,AUC
SynClass,0.8041922290388481,0.6512632653061313,0.5949406409776753,0.6547222222222222
