MN,ACC_1,ACC_2,F1,AUC
SynClass,0.7430863415663962,0.5877190476190453,0.5312560258671326,0.6022633744855977
