MN,ACC_1,ACC_2,F1,AUC
SynClass,0.8710924911376088,0.6022868480725819,0.5443844016066328,0.6264938271604849
