MN,ACC_1,ACC_2,F1,AUC
SynClass,0.8842842842842871,0.5973864770150447,0.5416906162505306,0.6226748971193438
