MN,ACC_1,ACC_2,F1,AUC
SynClass,0.7983421514980082,0.5655394933064642,0.5162245162528456,0.5821836007130125
