MN,ACC_1,ACC_2,F1,AUC
SynClass,0.8966841647484601,0.5413588870914303,0.47185040470927575,0.5626190476190476
