MN,ACC_1,ACC_2,F1,AUC
SynClass,0.8088678402687401,0.5764895528187206,0.4948545897318714,0.5845385067607289
