MN,ACC_1,ACC_2,F1,AUC
SynClass,0.8103021987528816,0.5893381239337986,0.509596734306153,0.5935025148605395
